{
    "data": [
        {
            "Id": 1,
            "ArtCatName": "Emojis",
            "ArtCatLink": "cat1",
            "subcat": [
                {
                    "Id": 3,
                    "ArtSubCatName": "Most Popular",
                    "ArtIcons": [
                        {
                            "Id": 75041,
                            "ArtIconName": "Icon 1",
                            "ArtIconLink": "icon1"
                        },
                        {
                            "Id": 223749,
                            "ArtIconName": "Icon 2",
                            "ArtIconLink": "icon2"
                        },
                        {
                            "Id": 222879,
                            "ArtIconName": "Icon 3",
                            "ArtIconLink": "icon3"
                        }
                    ]
                },
                {
                    "Id": 4,
                    "ArtSubCatName": "Smileys",
                    "ArtIcons": [
                        {
                            "Id": 10,
                            "ArtIconName": "Icon 4",
                            "ArtIconLink": "icon4"
                        },
                        {
                            "Id": 11,
                            "ArtIconName": "Icon 5",
                            "ArtIconLink": "icon5"
                        }
                    ]
                }
            ]
        },
        {
            "Id": 2,
            "ArtCatName": "Shapes/Symbols",
            "ArtCatLink": "cat2",
            "subcat": [
                {
                    "Id": 5,
                    "ArtSubCatName": "*New & Popular*",
                    "ArtIcons": [
                        {
                            "Id": 12,
                            "ArtIconName": "Icon 6",
                            "ArtIconLink": "icon6"
                        },
                        {
                            "Id": 13,
                            "ArtIconName": "Icon 7",
                            "ArtIconLink": "icon7"
                        }
                    ]
                },
                {
                    "Id": 6,
                    "ArtSubCatName": "Anchor",
                    "ArtIcons": [
                        {
                            "Id": 14,
                            "ArtIconName": "Icon 8",
                            "ArtIconLink": "icon8"
                        },
                        {
                            "Id": 15,
                            "ArtIconName": "Icon 9",
                            "ArtIconLink": "icon9"
                        }
                    ]
                }
            ]
        }
    ]
}